<?xml version="1.0" encoding="UTF-8"?>
<rss xmlns:content="http://purl.org/rss/1.0/modules/content/" xmlns:wfw="http://wellformedweb.org/CommentAPI/" xmlns:dc="http://purl.org/dc/elements/1.1/" xmlns:atom="http://www.w3.org/2005/Atom" xmlns:sy="http://purl.org/rss/1.0/modules/syndication/" xmlns:slash="http://purl.org/rss/1.0/modules/slash/" xmlns:georss="http://www.georss.org/georss" xmlns:geo="http://www.w3.org/2003/01/geo/wgs84_pos#" xmlns:media="http://search.yahoo.com/mrss/" version="2.0">
<channel>
	<title>Terms and Conditions</title>
	<link>https://www.aqubix.com/terms-and-conditions</link>
	<description />
	<lastBuildDate>Mon, 11 Mar 2020 03:42:47 +0000</lastBuildDate>
	<language>en</language>
	<ttl>2</ttl>
	<generator>http://wordpress.com/</generator>
	
		<item>
		<title>1.Proper use of Services</title>
		<link>https://www.aqubix.com/terms-and-conditions</link>
		<dc:creator>bbell96</dc:creator>
		<pubDate>Sun, 16 Feb 2020 22:56:42 +0000</pubDate>

					<description>Users shall use the Services only for lawful purposes and in particular they shall not make use of any obscene, threatening, menacing, offensive, defamatory materials or such materials as are in violation of any law or regulation, in breach of confidence, harmful to minors, in breach of intellectual property right or otherwise unlawful when making use of the Services.Iimpersonate any person or entity, falsely state or otherwise misrepresent affiliation with a person or entity.Make use of the Services so as to cause other Users or third parties to receive unsolicited or unauthorized advertising, promotional materials, junk mail, spam, chain letters, pyramid schemes, or any other form of solicitation.Make use of the Services to knowingly or negligently transmit any electronic material that may be detrimental or/and cause any sort of damage or malfunction to the computer system of the Company or of any other User or third party and collect or store Personal Data about other Users or third parties.Any breach of the aforementioned shall entitle the Company to terminate your use of the Services.</description>
	</item>

		<item>
		<title>2.Smoking is not Allowed in the Office</title>
		<link>https://www.medicalnewstoday.com/articles/10566</link>
		<creator>Kevin</creator>
		<pubDate>Mon, 17 Feb 2020 03:42:47 +0000</pubDate>
					<description>Smoking causes damage to nearly every organ in the body and is directly responsible for a number of diseases.Every year, more than 480,000 people die in the United States (U.S.) due to tobacco-related diseases. That is around 1 in 5 of all deaths in the U.S. annually. It is estimated that 1 in 2 smokers will die from a smoking-related disease.</description>
	</item>
		
		<item>
		<title>3.Code of Conduct</title>
		<link>https://www.citehr.com/402679-terms-conditions-offer-letter.html</link>
					<description>a.The Company may require you, at any time, to perform any other administrative, managerial, supervisory, technical or other functions and you will be bound to carry out such functions. b. Your individual remuneration is purely a matter between yourself and the Company and has been arrived at on the basis of your job, skills, specific background and professional merit. Accordingly your salary and any changes made to it are strictly confidential; you shall treat such matters accordingly, and any breach thereof would be viewed very seriously. c. You shall maintain proper discipline and dignity of your office and so shall deal with all matters.</description>
	</item>

		<item>
		<title>4.Interactions between Users</title>
		<link>https://telecom.economictimes.indiatimes.com/terms_conditions.php</link>
		<pubDate>Sun, 16 Feb 2020 20:25:03 +0000</pubDate>
					<description>You are solely responsible for your interactions (including any disputes) with other users. You understand that Company does not in any way screen Company users. You are solely responsible for, and will exercise caution, discretion, common sense and judgment in, using the Site and Services and disclosing personal information to other Company users. You agree to take reasonable precautions in all interactions with other Company users, particularly if you decide to communicate with Company user offline or meet them in person. Your use of the Site, Services, Company Content, and any other content made available through the Site or Services is at your sole risk and discretion, and Company hereby disclaims any and all liability to you or any third party relating thereto. Company reserves the right to contact Company users, in compliance with applicable law, in order to evaluate compliance with the rules and policies in this Terms You will cooperate fully with Company to investigate any suspected unlawful, fraudulent or improper activity via the Services.</description>
	</item>
		<item>
		<title>5.Modifications and Termination</title>
		<link>https://www.salesforce.com/company/legal/sfdc-website-terms-of-service/</link>
		<pubDate>Sun, 16 Feb 2020 18:15:07 +0000</pubDate>
					<description>We reserve the right to modify our Sites at any time, with or without notice to you. For example, we may add or remove functionality or features, and we may suspend or stop a particular feature altogether. We also reserve the right to charge a fee for any of our features at any time. If you don’t like any changes, you can stop using our Sites at any time.</description>
	</item>
	</channel>
</rss>
